Source File,Worksheet,Filename/Path Project,Internal Project Evidence,Document Prefix Evidence,Evidence Strength,Validation Status,Notes
DATA/TECH/2035 DOCUMENT REGISTER.xlsx,Specification,2035,2136,2136-N-SP-0314,STRONG,USER_VALIDATION_REQUIRED,Filename/path indicates 2035; explicit internal project and document prefix indicate 2136.
DATA/TECH/2035 Offshore Construction Engineering Register (Pipeline & Cables).xlsx,Specification,2035,2136,2136-N-SP-0314,STRONG,USER_VALIDATION_REQUIRED,Filename/path indicates 2035; explicit internal project and document prefix indicate 2136.
DATA/TECH/2705 -DOCUMENT REGISTER.xlsx,Documents - Naval Marine,2705,2824,,MEDIUM,USER_VALIDATION_REQUIRED,Workbook filename indicates 2705; explicit internal project label indicates 2824. This worksheet currently has no extracted document identities.
DATA/TECH/2705 -DOCUMENT REGISTER.xlsx,Drawings,2705,2824,2824-NN-0001,STRONG,USER_VALIDATION_REQUIRED,Workbook filename indicates 2705; internal project and document prefix indicate 2824.
DATA/TECH/2745-PP-GE-001-MDR Rev_2.xlsx,Anchor Pattern,2745,8405,8405-AP-0201,STRONG,USER_VALIDATION_REQUIRED,Filename indicates 2745; Contractor Project No. is 8405 and document numbers use 8405 prefix.
DATA/TECH/2745-PP-GE-001-MDR Rev_2.xlsx,DP,2745,8405,8405-DP-0201,STRONG,USER_VALIDATION_REQUIRED,Filename indicates 2745; Contractor Project No. is 8405 and document numbers use 8405 prefix.
DATA/TECH/2745-PP-GE-001-MDR Rev_2.xlsx,DRAWINGS,2745,8405,8405-NN-0001,STRONG,USER_VALIDATION_REQUIRED,Filename indicates 2745; internal project and document numbers indicate 8405.
DATA/TECH/2745-PP-GE-001-MDR Rev_2.xlsx,Naval & Marine doc,2745,8405,8405-ZZ-CL-001,STRONG,USER_VALIDATION_REQUIRED,Filename indicates 2745; internal project and document numbers indicate 8405.
DATA/TECH/2745-PP-GE-001-MDR Rev_2.xlsx,PIPELINE & CABLE doc,2745,8405,8405-NN-RP-001,STRONG,USER_VALIDATION_REQUIRED,Filename indicates 2745; internal project and document numbers indicate 8405.
