workbook_path,filename,source_family,worksheet_name,sheet_index,sheet_count,merged_cells,has_hyperlinks,classification_status,discipline,category,subcategory,confidence,notes
DATA\METHODS\1 Completed Project  Deliverables\2369 - NMGL Delivarables.xlsx,2369 - NMGL Delivarables.xlsx,METHODS,Installation Procedures ,0,3,162,False,INCLUDE,OFFSHORE_INSTALLATION,PROCEDURE,INSTALLATION PROCEDURE,N/A,Requires manual classification review
DATA\METHODS\1 Completed Project  Deliverables\2369 - NMGL Delivarables.xlsx,2369 - NMGL Delivarables.xlsx,METHODS,Setup Plans & Anchor Patterns,1,3,162,False,INCLUDE,MARINE_OPERATIONS,DRAWING,ANCHOR PATTERN,N/A,Requires manual classification review
DATA\METHODS\1 Completed Project  Deliverables\2369 - NMGL Delivarables.xlsx,2369 - NMGL Delivarables.xlsx,METHODS,Sketches,2,3,162,False,INCLUDE,OFFSHORE_INSTALLATION,SKETCH,ENGINEERING SKETCH,N/A,Requires manual classification review
DATA\METHODS\1 Completed Project  Deliverables\2891- BU HASEER Delivarables.xlsx,2891- BU HASEER Delivarables.xlsx,METHODS,Installation Procedures ,0,4,134,False,INCLUDE,OFFSHORE_INSTALLATION,PROCEDURE,INSTALLATION PROCEDURE,N/A,Requires manual classification review
DATA\METHODS\1 Completed Project  Deliverables\2891- BU HASEER Delivarables.xlsx,2891- BU HASEER Delivarables.xlsx,METHODS,Setup Plans & Anchor Patterns,1,4,134,False,INCLUDE,MARINE_OPERATIONS,DRAWING,ANCHOR PATTERN,N/A,Requires manual classification review
DATA\METHODS\1 Completed Project  Deliverables\2891- BU HASEER Delivarables.xlsx,2891- BU HASEER Delivarables.xlsx,METHODS,Sketches,2,4,134,False,INCLUDE,OFFSHORE_INSTALLATION,SKETCH,ENGINEERING SKETCH,N/A,Requires manual classification review
DATA\METHODS\1 Completed Project  Deliverables\2891- BU HASEER Delivarables.xlsx,2891- BU HASEER Delivarables.xlsx,METHODS,Incomming DOC and DRG,3,4,134,False,UNCLASSIFIED,REVIEW_REQUIRED,UNCLASSIFIED,N/A,N/A,Requires manual classification review
DATA\METHODS\1. Delivarables  FORMAT.xlsx,1. Delivarables  FORMAT.xlsx,METHODS,Installation Procedures ,0,3,86,False,INCLUDE,OFFSHORE_INSTALLATION,PROCEDURE,INSTALLATION PROCEDURE,N/A,Requires manual classification review
DATA\METHODS\1. Delivarables  FORMAT.xlsx,1. Delivarables  FORMAT.xlsx,METHODS,Setup Plans & Anchor Patterns,1,3,86,False,INCLUDE,MARINE_OPERATIONS,DRAWING,ANCHOR PATTERN,N/A,Requires manual classification review
DATA\METHODS\1. Delivarables  FORMAT.xlsx,1. Delivarables  FORMAT.xlsx,METHODS,Sketches,2,3,86,False,INCLUDE,OFFSHORE_INSTALLATION,SKETCH,ENGINEERING SKETCH,N/A,Requires manual classification review
DATA\METHODS\2. Barges Sketch Deliverables.xlsx,2. Barges Sketch Deliverables.xlsx,METHODS,Sketches,0,1,29,False,INCLUDE,OFFSHORE_INSTALLATION,SKETCH,ENGINEERING SKETCH,N/A,Requires manual classification review
DATA\METHODS\2035 - UMM Shaif Delivarables.xlsx,2035 - UMM Shaif Delivarables.xlsx,METHODS,Installation Procedures ,0,3,366,False,INCLUDE,OFFSHORE_INSTALLATION,PROCEDURE,INSTALLATION PROCEDURE,N/A,Requires manual classification review
DATA\METHODS\2035 - UMM Shaif Delivarables.xlsx,2035 - UMM Shaif Delivarables.xlsx,METHODS,Setup Plans & Anchor Patterns,1,3,366,False,INCLUDE,MARINE_OPERATIONS,DRAWING,ANCHOR PATTERN,N/A,Requires manual classification review
DATA\METHODS\2035 - UMM Shaif Delivarables.xlsx,2035 - UMM Shaif Delivarables.xlsx,METHODS,Sketches,2,3,366,False,INCLUDE,OFFSHORE_INSTALLATION,SKETCH,ENGINEERING SKETCH,N/A,Requires manual classification review
DATA\METHODS\2171-2172 -Document Deliverables LATEST.xlsx,2171-2172 -Document Deliverables LATEST.xlsx,METHODS,2171-2172,0,2,105,False,UNCLASSIFIED,REVIEW_REQUIRED,UNCLASSIFIED,N/A,N/A,Requires manual classification review
DATA\METHODS\2171-2172 -Document Deliverables LATEST.xlsx,2171-2172 -Document Deliverables LATEST.xlsx,METHODS,Sketches,1,2,105,False,INCLUDE,OFFSHORE_INSTALLATION,SKETCH,ENGINEERING SKETCH,N/A,Requires manual classification review
DATA\METHODS\2300-2302 -CRPO 82-83 Deliveables.xlsx,2300-2302 -CRPO 82-83 Deliveables.xlsx,METHODS,Installation Procedures ,0,3,151,False,INCLUDE,OFFSHORE_INSTALLATION,PROCEDURE,INSTALLATION PROCEDURE,N/A,Requires manual classification review
DATA\METHODS\2300-2302 -CRPO 82-83 Deliveables.xlsx,2300-2302 -CRPO 82-83 Deliveables.xlsx,METHODS,Setup Plans & Anchor Patterns,1,3,151,False,INCLUDE,MARINE_OPERATIONS,DRAWING,ANCHOR PATTERN,N/A,Requires manual classification review
DATA\METHODS\2300-2302 -CRPO 82-83 Deliveables.xlsx,2300-2302 -CRPO 82-83 Deliveables.xlsx,METHODS,Sketches,2,3,151,False,INCLUDE,OFFSHORE_INSTALLATION,SKETCH,ENGINEERING SKETCH,N/A,Requires manual classification review
DATA\METHODS\2412- 2413 -CRPO 86 Delivarables.xlsx,2412- 2413 -CRPO 86 Delivarables.xlsx,METHODS,Installation Procedures ,0,3,152,False,INCLUDE,OFFSHORE_INSTALLATION,PROCEDURE,INSTALLATION PROCEDURE,N/A,Requires manual classification review
DATA\METHODS\2412- 2413 -CRPO 86 Delivarables.xlsx,2412- 2413 -CRPO 86 Delivarables.xlsx,METHODS,Setup Plans & Anchor Patterns,1,3,152,False,INCLUDE,MARINE_OPERATIONS,DRAWING,ANCHOR PATTERN,N/A,Requires manual classification review
DATA\METHODS\2412- 2413 -CRPO 86 Delivarables.xlsx,2412- 2413 -CRPO 86 Delivarables.xlsx,METHODS,Sketches,2,3,152,False,INCLUDE,OFFSHORE_INSTALLATION,SKETCH,ENGINEERING SKETCH,N/A,Requires manual classification review
DATA\METHODS\2462 -TB-3 ADNOC Delivarables.xlsx,2462 -TB-3 ADNOC Delivarables.xlsx,METHODS,Installation Procedures ,0,3,102,False,INCLUDE,OFFSHORE_INSTALLATION,PROCEDURE,INSTALLATION PROCEDURE,N/A,Requires manual classification review
DATA\METHODS\2462 -TB-3 ADNOC Delivarables.xlsx,2462 -TB-3 ADNOC Delivarables.xlsx,METHODS,Setup Plans & Anchor Patterns,1,3,102,False,INCLUDE,MARINE_OPERATIONS,DRAWING,ANCHOR PATTERN,N/A,Requires manual classification review
DATA\METHODS\2462 -TB-3 ADNOC Delivarables.xlsx,2462 -TB-3 ADNOC Delivarables.xlsx,METHODS,Sketches,2,3,102,False,INCLUDE,OFFSHORE_INSTALLATION,SKETCH,ENGINEERING SKETCH,N/A,Requires manual classification review
DATA\METHODS\2631 - 7 JKT ADNOC Delivarables.xlsx,2631 - 7 JKT ADNOC Delivarables.xlsx,METHODS,Installation Procedures ,0,3,162,False,INCLUDE,OFFSHORE_INSTALLATION,PROCEDURE,INSTALLATION PROCEDURE,N/A,Requires manual classification review
DATA\METHODS\2631 - 7 JKT ADNOC Delivarables.xlsx,2631 - 7 JKT ADNOC Delivarables.xlsx,METHODS,Setup Plans & Anchor Patterns,1,3,162,False,INCLUDE,MARINE_OPERATIONS,DRAWING,ANCHOR PATTERN,N/A,Requires manual classification review
DATA\METHODS\2631 - 7 JKT ADNOC Delivarables.xlsx,2631 - 7 JKT ADNOC Delivarables.xlsx,METHODS,Sketches,2,3,162,False,INCLUDE,OFFSHORE_INSTALLATION,SKETCH,ENGINEERING SKETCH,N/A,Requires manual classification review
DATA\METHODS\2642  -HAIL & GHASHA  Delivarables.xlsx,2642  -HAIL & GHASHA  Delivarables.xlsx,METHODS,Installation Procedures ,0,3,306,False,INCLUDE,OFFSHORE_INSTALLATION,PROCEDURE,INSTALLATION PROCEDURE,N/A,Requires manual classification review
DATA\METHODS\2642  -HAIL & GHASHA  Delivarables.xlsx,2642  -HAIL & GHASHA  Delivarables.xlsx,METHODS,Setup Plans & Anchor Patterns,1,3,306,False,INCLUDE,MARINE_OPERATIONS,DRAWING,ANCHOR PATTERN,N/A,Requires manual classification review
DATA\METHODS\2642  -HAIL & GHASHA  Delivarables.xlsx,2642  -HAIL & GHASHA  Delivarables.xlsx,METHODS,Sketches,2,3,306,False,INCLUDE,OFFSHORE_INSTALLATION,SKETCH,ENGINEERING SKETCH,N/A,Requires manual classification review
DATA\METHODS\2683 - 20 MOL Delivarables.xlsx,2683 - 20 MOL Delivarables.xlsx,METHODS,Installation Procedures ,0,3,159,False,INCLUDE,OFFSHORE_INSTALLATION,PROCEDURE,INSTALLATION PROCEDURE,N/A,Requires manual classification review
DATA\METHODS\2683 - 20 MOL Delivarables.xlsx,2683 - 20 MOL Delivarables.xlsx,METHODS,Setup Plans & Anchor Patterns,1,3,159,False,INCLUDE,MARINE_OPERATIONS,DRAWING,ANCHOR PATTERN,N/A,Requires manual classification review
DATA\METHODS\2683 - 20 MOL Delivarables.xlsx,2683 - 20 MOL Delivarables.xlsx,METHODS,Sketches,2,3,159,False,INCLUDE,OFFSHORE_INSTALLATION,SKETCH,ENGINEERING SKETCH,N/A,Requires manual classification review
DATA\METHODS\2734 -CRPO 128 Delivarables.xlsx,2734 -CRPO 128 Delivarables.xlsx,METHODS,Installation Procedures ,0,3,123,False,INCLUDE,OFFSHORE_INSTALLATION,PROCEDURE,INSTALLATION PROCEDURE,N/A,Requires manual classification review
DATA\METHODS\2734 -CRPO 128 Delivarables.xlsx,2734 -CRPO 128 Delivarables.xlsx,METHODS,Setup Plans & Anchor Patterns,1,3,123,False,INCLUDE,MARINE_OPERATIONS,DRAWING,ANCHOR PATTERN,N/A,Requires manual classification review
DATA\METHODS\2734 -CRPO 128 Delivarables.xlsx,2734 -CRPO 128 Delivarables.xlsx,METHODS,Sketches,2,3,123,False,INCLUDE,OFFSHORE_INSTALLATION,SKETCH,ENGINEERING SKETCH,N/A,Requires manual classification review
DATA\METHODS\2745  -EPS-2 and PDP Delivarables.xlsx,2745  -EPS-2 and PDP Delivarables.xlsx,METHODS,Installation Procedures ,0,3,162,False,INCLUDE,OFFSHORE_INSTALLATION,PROCEDURE,INSTALLATION PROCEDURE,N/A,Requires manual classification review
DATA\METHODS\2745  -EPS-2 and PDP Delivarables.xlsx,2745  -EPS-2 and PDP Delivarables.xlsx,METHODS,Setup Plans & Anchor Patterns,1,3,162,False,INCLUDE,MARINE_OPERATIONS,DRAWING,ANCHOR PATTERN,N/A,Requires manual classification review
DATA\METHODS\2745  -EPS-2 and PDP Delivarables.xlsx,2745  -EPS-2 and PDP Delivarables.xlsx,METHODS,Sketches,2,3,162,False,INCLUDE,OFFSHORE_INSTALLATION,SKETCH,ENGINEERING SKETCH,N/A,Requires manual classification review
DATA\METHODS\2790-2792 -CRPO 136-137 Delivarables.xlsx,2790-2792 -CRPO 136-137 Delivarables.xlsx,METHODS,Installation Procedures ,0,3,119,False,INCLUDE,OFFSHORE_INSTALLATION,PROCEDURE,INSTALLATION PROCEDURE,N/A,Requires manual classification review
DATA\METHODS\2790-2792 -CRPO 136-137 Delivarables.xlsx,2790-2792 -CRPO 136-137 Delivarables.xlsx,METHODS,Setup Plans & Anchor Patterns,1,3,119,False,INCLUDE,MARINE_OPERATIONS,DRAWING,ANCHOR PATTERN,N/A,Requires manual classification review
DATA\METHODS\2790-2792 -CRPO 136-137 Delivarables.xlsx,2790-2792 -CRPO 136-137 Delivarables.xlsx,METHODS,Sketches,2,3,119,False,INCLUDE,OFFSHORE_INSTALLATION,SKETCH,ENGINEERING SKETCH,N/A,Requires manual classification review
DATA\METHODS\2800-HULRK Adnoc Delivarables.xlsx,2800-HULRK Adnoc Delivarables.xlsx,METHODS,Installation Procedures ,0,3,225,False,INCLUDE,OFFSHORE_INSTALLATION,PROCEDURE,INSTALLATION PROCEDURE,N/A,Requires manual classification review
DATA\METHODS\2800-HULRK Adnoc Delivarables.xlsx,2800-HULRK Adnoc Delivarables.xlsx,METHODS,Setup Plans & Anchor Patterns,1,3,225,False,INCLUDE,MARINE_OPERATIONS,DRAWING,ANCHOR PATTERN,N/A,Requires manual classification review
DATA\METHODS\2800-HULRK Adnoc Delivarables.xlsx,2800-HULRK Adnoc Delivarables.xlsx,METHODS,Sketches,2,3,225,False,INCLUDE,OFFSHORE_INSTALLATION,SKETCH,ENGINEERING SKETCH,N/A,Requires manual classification review
DATA\METHODS\2820 - LOWER ZAKum LTD Deliverables.xlsx,2820 - LOWER ZAKum LTD Deliverables.xlsx,METHODS,Installation Procedures ,0,3,108,False,INCLUDE,OFFSHORE_INSTALLATION,PROCEDURE,INSTALLATION PROCEDURE,N/A,Requires manual classification review
DATA\METHODS\2820 - LOWER ZAKum LTD Deliverables.xlsx,2820 - LOWER ZAKum LTD Deliverables.xlsx,METHODS,Setup Plans & Anchor Patterns,1,3,108,False,INCLUDE,MARINE_OPERATIONS,DRAWING,ANCHOR PATTERN,N/A,Requires manual classification review
DATA\METHODS\2820 - LOWER ZAKum LTD Deliverables.xlsx,2820 - LOWER ZAKum LTD Deliverables.xlsx,METHODS,Sketches,2,3,108,False,INCLUDE,OFFSHORE_INSTALLATION,SKETCH,ENGINEERING SKETCH,N/A,Requires manual classification review
DATA\METHODS\2913 -TAIWAN Delivarables.xlsx,2913 -TAIWAN Delivarables.xlsx,METHODS,Installation Procedures ,0,3,92,False,INCLUDE,OFFSHORE_INSTALLATION,PROCEDURE,INSTALLATION PROCEDURE,N/A,Requires manual classification review
DATA\METHODS\2913 -TAIWAN Delivarables.xlsx,2913 -TAIWAN Delivarables.xlsx,METHODS,Setup Plans & Anchor Patterns,1,3,92,False,INCLUDE,MARINE_OPERATIONS,DRAWING,ANCHOR PATTERN,N/A,Requires manual classification review
DATA\METHODS\2913 -TAIWAN Delivarables.xlsx,2913 -TAIWAN Delivarables.xlsx,METHODS,Sketches,2,3,92,False,INCLUDE,OFFSHORE_INSTALLATION,SKETCH,ENGINEERING SKETCH,N/A,Requires manual classification review
DATA\METHODS\8405 -Delma Delivarables.xlsx,8405 -Delma Delivarables.xlsx,METHODS,Installation Procedures ,0,3,385,False,INCLUDE,OFFSHORE_INSTALLATION,PROCEDURE,INSTALLATION PROCEDURE,N/A,Requires manual classification review
DATA\METHODS\8405 -Delma Delivarables.xlsx,8405 -Delma Delivarables.xlsx,METHODS,Setup Plans & Anchor Patterns,1,3,385,False,INCLUDE,MARINE_OPERATIONS,DRAWING,ANCHOR PATTERN,N/A,Requires manual classification review
DATA\METHODS\8405 -Delma Delivarables.xlsx,8405 -Delma Delivarables.xlsx,METHODS,Sketches,2,3,385,False,INCLUDE,OFFSHORE_INSTALLATION,SKETCH,ENGINEERING SKETCH,N/A,Requires manual classification review
DATA\METHODS\Deliverables Pre- Requisites Matrix.xlsx,Deliverables Pre- Requisites Matrix.xlsx,METHODS,Pre -Req. Matrix,0,1,1,False,UNCLASSIFIED,REVIEW_REQUIRED,UNCLASSIFIED,N/A,N/A,Requires manual classification review
DATA\METHODS\E-2964-  ADNOC Delivarables.xlsx,E-2964-  ADNOC Delivarables.xlsx,METHODS,Installation Procedures ,0,3,88,False,INCLUDE,OFFSHORE_INSTALLATION,PROCEDURE,INSTALLATION PROCEDURE,N/A,Requires manual classification review
DATA\METHODS\E-2964-  ADNOC Delivarables.xlsx,E-2964-  ADNOC Delivarables.xlsx,METHODS,Setup Plans & Anchor Patterns,1,3,88,False,INCLUDE,MARINE_OPERATIONS,DRAWING,ANCHOR PATTERN,N/A,Requires manual classification review
DATA\METHODS\E-2964-  ADNOC Delivarables.xlsx,E-2964-  ADNOC Delivarables.xlsx,METHODS,Sketches,2,3,88,False,INCLUDE,OFFSHORE_INSTALLATION,SKETCH,ENGINEERING SKETCH,N/A,Requires manual classification review
DATA\METHODS\E-3012 - ADNOC Delivarables.xlsx,E-3012 - ADNOC Delivarables.xlsx,METHODS,Installation Procedures ,0,3,88,False,INCLUDE,OFFSHORE_INSTALLATION,PROCEDURE,INSTALLATION PROCEDURE,N/A,Requires manual classification review
DATA\METHODS\E-3012 - ADNOC Delivarables.xlsx,E-3012 - ADNOC Delivarables.xlsx,METHODS,Setup Plans & Anchor Patterns,1,3,88,False,INCLUDE,MARINE_OPERATIONS,DRAWING,ANCHOR PATTERN,N/A,Requires manual classification review
DATA\METHODS\E-3012 - ADNOC Delivarables.xlsx,E-3012 - ADNOC Delivarables.xlsx,METHODS,Sketches,2,3,88,False,INCLUDE,OFFSHORE_INSTALLATION,SKETCH,ENGINEERING SKETCH,N/A,Requires manual classification review
DATA\METHODS\E-3088- ADNOC Delivarables.xlsx,E-3088- ADNOC Delivarables.xlsx,METHODS,Installation Procedures ,0,3,88,False,INCLUDE,OFFSHORE_INSTALLATION,PROCEDURE,INSTALLATION PROCEDURE,N/A,Requires manual classification review
DATA\METHODS\E-3088- ADNOC Delivarables.xlsx,E-3088- ADNOC Delivarables.xlsx,METHODS,Setup Plans & Anchor Patterns,1,3,88,False,INCLUDE,MARINE_OPERATIONS,DRAWING,ANCHOR PATTERN,N/A,Requires manual classification review
DATA\METHODS\E-3088- ADNOC Delivarables.xlsx,E-3088- ADNOC Delivarables.xlsx,METHODS,Sketches,2,3,88,False,INCLUDE,OFFSHORE_INSTALLATION,SKETCH,ENGINEERING SKETCH,N/A,Requires manual classification review
DATA\METHODS\Harfoush\ANCHOR PATTERN Procedure status Harfoush 10-7-2026.xlsx,ANCHOR PATTERN Procedure status Harfoush 10-7-2026.xlsx,METHODS,PROCEDURES,0,4,20,False,INCLUDE,OFFSHORE_INSTALLATION,PROCEDURE,INSTALLATION PROCEDURE,N/A,Requires manual classification review
DATA\METHODS\Harfoush\ANCHOR PATTERN Procedure status Harfoush 10-7-2026.xlsx,ANCHOR PATTERN Procedure status Harfoush 10-7-2026.xlsx,METHODS,APs SAFEEN3000,1,4,20,False,UNCLASSIFIED,REVIEW_REQUIRED,UNCLASSIFIED,N/A,N/A,Requires manual classification review
DATA\METHODS\Harfoush\ANCHOR PATTERN Procedure status Harfoush 10-7-2026.xlsx,ANCHOR PATTERN Procedure status Harfoush 10-7-2026.xlsx,METHODS,APs DLS-4200,2,4,20,False,UNCLASSIFIED,REVIEW_REQUIRED,UNCLASSIFIED,N/A,N/A,Requires manual classification review
DATA\METHODS\Harfoush\ANCHOR PATTERN Procedure status Harfoush 10-7-2026.xlsx,ANCHOR PATTERN Procedure status Harfoush 10-7-2026.xlsx,METHODS,1ST CAMPAIGN,3,4,20,False,UNCLASSIFIED,REVIEW_REQUIRED,UNCLASSIFIED,N/A,N/A,Requires manual classification review
DATA\TECH\2035 DOCUMENT REGISTER.xlsx,2035 DOCUMENT REGISTER.xlsx,TECH,Specification,0,4,119,False,UNCLASSIFIED,REVIEW_REQUIRED,UNCLASSIFIED,N/A,N/A,Requires manual classification review
DATA\TECH\2035 DOCUMENT REGISTER.xlsx,2035 DOCUMENT REGISTER.xlsx,TECH,Documents - Pipeline & Cable,1,4,119,False,INCLUDE,PIPELINE_CABLE,DOCUMENT,GENERAL_TECHNICAL_DOCUMENT,N/A,Requires manual classification review
DATA\TECH\2035 DOCUMENT REGISTER.xlsx,2035 DOCUMENT REGISTER.xlsx,TECH,Documents - Naval Marine,2,4,119,False,INCLUDE,NAVAL_MARINE,DRAWING,ENGINEERING_DRAWING,N/A,Requires manual classification review
DATA\TECH\2035 DOCUMENT REGISTER.xlsx,2035 DOCUMENT REGISTER.xlsx,TECH,Drawings,3,4,119,False,UNCLASSIFIED,REVIEW_REQUIRED,UNCLASSIFIED,N/A,N/A,Requires manual classification review
DATA\TECH\2035 Installation Aids Register Sep 2024.xlsx,2035 Installation Aids Register Sep 2024.xlsx,TECH,Sheet1,0,1,0,False,EXCLUDED,TEMPLATE_SUPPORT_SHEET,EXCLUDED,N/A,N/A,Requires manual classification review
DATA\TECH\2035 Offshore Construction Engineering Register (Pipeline & Cables).xlsx,2035 Offshore Construction Engineering Register (Pipeline & Cables).xlsx,TECH,Specification,0,6,740,False,UNCLASSIFIED,REVIEW_REQUIRED,UNCLASSIFIED,N/A,N/A,Requires manual classification review
DATA\TECH\2035 Offshore Construction Engineering Register (Pipeline & Cables).xlsx,2035 Offshore Construction Engineering Register (Pipeline & Cables).xlsx,TECH,Documents - Pipeline & Cable,1,6,740,False,INCLUDE,PIPELINE_CABLE,DOCUMENT,GENERAL_TECHNICAL_DOCUMENT,N/A,Requires manual classification review
DATA\TECH\2035 Offshore Construction Engineering Register (Pipeline & Cables).xlsx,2035 Offshore Construction Engineering Register (Pipeline & Cables).xlsx,TECH,Documents - Naval Marine,2,6,740,False,INCLUDE,NAVAL_MARINE,DRAWING,ENGINEERING_DRAWING,N/A,Requires manual classification review
DATA\TECH\2035 Offshore Construction Engineering Register (Pipeline & Cables).xlsx,2035 Offshore Construction Engineering Register (Pipeline & Cables).xlsx,TECH,Drawings,3,6,740,False,UNCLASSIFIED,REVIEW_REQUIRED,UNCLASSIFIED,N/A,N/A,Requires manual classification review
DATA\TECH\2035 Offshore Construction Engineering Register (Pipeline & Cables).xlsx,2035 Offshore Construction Engineering Register (Pipeline & Cables).xlsx,TECH,Sketch,4,6,740,False,UNCLASSIFIED,REVIEW_REQUIRED,UNCLASSIFIED,N/A,N/A,Requires manual classification review
DATA\TECH\2035 Offshore Construction Engineering Register (Pipeline & Cables).xlsx,2035 Offshore Construction Engineering Register (Pipeline & Cables).xlsx,TECH,Cut-list,5,6,740,False,UNCLASSIFIED,REVIEW_REQUIRED,UNCLASSIFIED,N/A,N/A,Requires manual classification review
DATA\TECH\2171 DOCUMENT REGISTER.xlsx,2171 DOCUMENT REGISTER.xlsx,TECH,PIPELINE & CABLE,0,4,183,False,INCLUDE,PIPELINE_CABLE,DOCUMENT,GENERAL_TECHNICAL_DOCUMENT,N/A,Requires manual classification review
DATA\TECH\2171 DOCUMENT REGISTER.xlsx,2171 DOCUMENT REGISTER.xlsx,TECH,Documents - Naval & Marine,1,4,183,False,INCLUDE,NAVAL_MARINE,DRAWING,ENGINEERING_DRAWING,N/A,Requires manual classification review
DATA\TECH\2171 DOCUMENT REGISTER.xlsx,2171 DOCUMENT REGISTER.xlsx,TECH,DRAWINGS,2,4,183,False,UNCLASSIFIED,REVIEW_REQUIRED,UNCLASSIFIED,N/A,N/A,Requires manual classification review
DATA\TECH\2171 DOCUMENT REGISTER.xlsx,2171 DOCUMENT REGISTER.xlsx,TECH,SKETCHES,3,4,183,False,UNCLASSIFIED,REVIEW_REQUIRED,UNCLASSIFIED,N/A,N/A,Requires manual classification review
DATA\TECH\2207 DOCUMENT REGISTER CAMPAIGN II.xlsx,2207 DOCUMENT REGISTER CAMPAIGN II.xlsx,TECH,Documents - Pipeline & Cable,0,4,652,False,INCLUDE,PIPELINE_CABLE,DOCUMENT,GENERAL_TECHNICAL_DOCUMENT,N/A,Requires manual classification review
DATA\TECH\2207 DOCUMENT REGISTER CAMPAIGN II.xlsx,2207 DOCUMENT REGISTER CAMPAIGN II.xlsx,TECH,Documents - Naval Marine,1,4,652,False,INCLUDE,NAVAL_MARINE,DRAWING,ENGINEERING_DRAWING,N/A,Requires manual classification review
DATA\TECH\2207 DOCUMENT REGISTER CAMPAIGN II.xlsx,2207 DOCUMENT REGISTER CAMPAIGN II.xlsx,TECH,Drawings,2,4,652,False,UNCLASSIFIED,REVIEW_REQUIRED,UNCLASSIFIED,N/A,N/A,Requires manual classification review
DATA\TECH\2207 DOCUMENT REGISTER CAMPAIGN II.xlsx,2207 DOCUMENT REGISTER CAMPAIGN II.xlsx,TECH,Sheet1,3,4,652,False,EXCLUDED,TEMPLATE_SUPPORT_SHEET,EXCLUDED,N/A,N/A,Requires manual classification review
DATA\TECH\2412-2413-DOCUMENT REGISTER.xlsx,2412-2413-DOCUMENT REGISTER.xlsx,TECH,Documents - Pipeline & Cable,0,6,314,False,INCLUDE,PIPELINE_CABLE,DOCUMENT,GENERAL_TECHNICAL_DOCUMENT,N/A,Requires manual classification review
DATA\TECH\2412-2413-DOCUMENT REGISTER.xlsx,2412-2413-DOCUMENT REGISTER.xlsx,TECH,Documents - Naval Marine,1,6,314,False,INCLUDE,NAVAL_MARINE,DRAWING,ENGINEERING_DRAWING,N/A,Requires manual classification review
DATA\TECH\2412-2413-DOCUMENT REGISTER.xlsx,2412-2413-DOCUMENT REGISTER.xlsx,TECH,Drawings,2,6,314,False,UNCLASSIFIED,REVIEW_REQUIRED,UNCLASSIFIED,N/A,N/A,Requires manual classification review
DATA\TECH\2412-2413-DOCUMENT REGISTER.xlsx,2412-2413-DOCUMENT REGISTER.xlsx,TECH,SKETCHES,3,6,314,False,UNCLASSIFIED,REVIEW_REQUIRED,UNCLASSIFIED,N/A,N/A,Requires manual classification review
DATA\TECH\2412-2413-DOCUMENT REGISTER.xlsx,2412-2413-DOCUMENT REGISTER.xlsx,TECH,Cutlists,4,6,314,False,UNCLASSIFIED,REVIEW_REQUIRED,UNCLASSIFIED,N/A,N/A,Requires manual classification review
DATA\TECH\2412-2413-DOCUMENT REGISTER.xlsx,2412-2413-DOCUMENT REGISTER.xlsx,TECH,TN-PL,5,6,314,False,INCLUDE,PIPELINE_CABLE,DOCUMENT,GENERAL_TECHNICAL_DOCUMENT,N/A,Requires manual classification review
DATA\TECH\2419-2420-DOCUMENT REGISTER.xlsx,2419-2420-DOCUMENT REGISTER.xlsx,TECH,Documents - Pipeline & Cable,0,3,114,False,INCLUDE,PIPELINE_CABLE,DOCUMENT,GENERAL_TECHNICAL_DOCUMENT,N/A,Requires manual classification review
DATA\TECH\2419-2420-DOCUMENT REGISTER.xlsx,2419-2420-DOCUMENT REGISTER.xlsx,TECH,Documents - Naval Marine,1,3,114,False,INCLUDE,NAVAL_MARINE,DRAWING,ENGINEERING_DRAWING,N/A,Requires manual classification review
DATA\TECH\2419-2420-DOCUMENT REGISTER.xlsx,2419-2420-DOCUMENT REGISTER.xlsx,TECH,Drawings,2,3,114,False,UNCLASSIFIED,REVIEW_REQUIRED,UNCLASSIFIED,N/A,N/A,Requires manual classification review
DATA\TECH\2631-DOCUMENT REGISTER.xlsx,2631-DOCUMENT REGISTER.xlsx,TECH,Naval & Marine doc,0,4,101,False,INCLUDE,NAVAL_MARINE,DRAWING,ENGINEERING_DRAWING,N/A,Requires manual classification review
DATA\TECH\2631-DOCUMENT REGISTER.xlsx,2631-DOCUMENT REGISTER.xlsx,TECH,DRAWINGS,1,4,101,False,UNCLASSIFIED,REVIEW_REQUIRED,UNCLASSIFIED,N/A,N/A,Requires manual classification review
DATA\TECH\2631-DOCUMENT REGISTER.xlsx,2631-DOCUMENT REGISTER.xlsx,TECH,Sketch,2,4,101,False,UNCLASSIFIED,REVIEW_REQUIRED,UNCLASSIFIED,N/A,N/A,Requires manual classification review
DATA\TECH\2631-DOCUMENT REGISTER.xlsx,2631-DOCUMENT REGISTER.xlsx,TECH,cut-list,3,4,101,False,UNCLASSIFIED,REVIEW_REQUIRED,UNCLASSIFIED,N/A,N/A,Requires manual classification review
DATA\TECH\2642-DOCUMENT REGISTER.xlsx,2642-DOCUMENT REGISTER.xlsx,TECH,Documents - Pipeline & Cable,0,5,350,False,INCLUDE,PIPELINE_CABLE,DOCUMENT,GENERAL_TECHNICAL_DOCUMENT,N/A,Requires manual classification review
DATA\TECH\2642-DOCUMENT REGISTER.xlsx,2642-DOCUMENT REGISTER.xlsx,TECH,Documents - Naval Marine,1,5,350,False,INCLUDE,NAVAL_MARINE,DRAWING,ENGINEERING_DRAWING,N/A,Requires manual classification review
DATA\TECH\2642-DOCUMENT REGISTER.xlsx,2642-DOCUMENT REGISTER.xlsx,TECH,Drawings,2,5,350,False,UNCLASSIFIED,REVIEW_REQUIRED,UNCLASSIFIED,N/A,N/A,Requires manual classification review
DATA\TECH\2642-DOCUMENT REGISTER.xlsx,2642-DOCUMENT REGISTER.xlsx,TECH,Sketch,3,5,350,False,UNCLASSIFIED,REVIEW_REQUIRED,UNCLASSIFIED,N/A,N/A,Requires manual classification review
DATA\TECH\2642-DOCUMENT REGISTER.xlsx,2642-DOCUMENT REGISTER.xlsx,TECH,Cut-lists ,4,5,350,False,UNCLASSIFIED,REVIEW_REQUIRED,UNCLASSIFIED,N/A,N/A,Requires manual classification review
DATA\TECH\2683 - DOCUMENT REGISTER.xlsx,2683 - DOCUMENT REGISTER.xlsx,TECH,Specification,0,6,388,False,UNCLASSIFIED,REVIEW_REQUIRED,UNCLASSIFIED,N/A,N/A,Requires manual classification review
DATA\TECH\2683 - DOCUMENT REGISTER.xlsx,2683 - DOCUMENT REGISTER.xlsx,TECH,PIPELINE & CABLE doc,1,6,388,False,INCLUDE,PIPELINE_CABLE,DOCUMENT,GENERAL_TECHNICAL_DOCUMENT,N/A,Requires manual classification review
DATA\TECH\2683 - DOCUMENT REGISTER.xlsx,2683 - DOCUMENT REGISTER.xlsx,TECH,Naval & Marine doc,2,6,388,False,INCLUDE,NAVAL_MARINE,DRAWING,ENGINEERING_DRAWING,N/A,Requires manual classification review
DATA\TECH\2683 - DOCUMENT REGISTER.xlsx,2683 - DOCUMENT REGISTER.xlsx,TECH,DRAWINGS,3,6,388,False,UNCLASSIFIED,REVIEW_REQUIRED,UNCLASSIFIED,N/A,N/A,Requires manual classification review
DATA\TECH\2683 - DOCUMENT REGISTER.xlsx,2683 - DOCUMENT REGISTER.xlsx,TECH,SKETCHES,4,6,388,False,UNCLASSIFIED,REVIEW_REQUIRED,UNCLASSIFIED,N/A,N/A,Requires manual classification review
DATA\TECH\2683 - DOCUMENT REGISTER.xlsx,2683 - DOCUMENT REGISTER.xlsx,TECH,Cutlists,5,6,388,False,UNCLASSIFIED,REVIEW_REQUIRED,UNCLASSIFIED,N/A,N/A,Requires manual classification review
DATA\TECH\2705 -DOCUMENT REGISTER.xlsx,2705 -DOCUMENT REGISTER.xlsx,TECH,Documents - Pipeline & Cable,0,5,102,False,INCLUDE,PIPELINE_CABLE,DOCUMENT,GENERAL_TECHNICAL_DOCUMENT,N/A,Requires manual classification review
DATA\TECH\2705 -DOCUMENT REGISTER.xlsx,2705 -DOCUMENT REGISTER.xlsx,TECH,Documents - Naval Marine,1,5,102,False,INCLUDE,NAVAL_MARINE,DRAWING,ENGINEERING_DRAWING,N/A,Requires manual classification review
DATA\TECH\2705 -DOCUMENT REGISTER.xlsx,2705 -DOCUMENT REGISTER.xlsx,TECH,Drawings,2,5,102,False,UNCLASSIFIED,REVIEW_REQUIRED,UNCLASSIFIED,N/A,N/A,Requires manual classification review
DATA\TECH\2705 -DOCUMENT REGISTER.xlsx,2705 -DOCUMENT REGISTER.xlsx,TECH,Sketch,3,5,102,False,UNCLASSIFIED,REVIEW_REQUIRED,UNCLASSIFIED,N/A,N/A,Requires manual classification review
DATA\TECH\2705 -DOCUMENT REGISTER.xlsx,2705 -DOCUMENT REGISTER.xlsx,TECH,Cut-lists ,4,5,102,False,UNCLASSIFIED,REVIEW_REQUIRED,UNCLASSIFIED,N/A,N/A,Requires manual classification review
DATA\TECH\2734-2735-DOCUMENT REGISTER.xlsx,2734-2735-DOCUMENT REGISTER.xlsx,TECH,Documents - Pipeline & Cable,0,6,268,False,INCLUDE,PIPELINE_CABLE,DOCUMENT,GENERAL_TECHNICAL_DOCUMENT,N/A,Requires manual classification review
DATA\TECH\2734-2735-DOCUMENT REGISTER.xlsx,2734-2735-DOCUMENT REGISTER.xlsx,TECH,Documents - Naval Marine,1,6,268,False,INCLUDE,NAVAL_MARINE,DRAWING,ENGINEERING_DRAWING,N/A,Requires manual classification review
DATA\TECH\2734-2735-DOCUMENT REGISTER.xlsx,2734-2735-DOCUMENT REGISTER.xlsx,TECH,Drawings,2,6,268,False,UNCLASSIFIED,REVIEW_REQUIRED,UNCLASSIFIED,N/A,N/A,Requires manual classification review
DATA\TECH\2734-2735-DOCUMENT REGISTER.xlsx,2734-2735-DOCUMENT REGISTER.xlsx,TECH,SKETCHES,3,6,268,False,UNCLASSIFIED,REVIEW_REQUIRED,UNCLASSIFIED,N/A,N/A,Requires manual classification review
DATA\TECH\2734-2735-DOCUMENT REGISTER.xlsx,2734-2735-DOCUMENT REGISTER.xlsx,TECH,Cutlists,4,6,268,False,UNCLASSIFIED,REVIEW_REQUIRED,UNCLASSIFIED,N/A,N/A,Requires manual classification review
DATA\TECH\2734-2735-DOCUMENT REGISTER.xlsx,2734-2735-DOCUMENT REGISTER.xlsx,TECH,Sheet1,5,6,268,False,EXCLUDED,TEMPLATE_SUPPORT_SHEET,EXCLUDED,N/A,N/A,Requires manual classification review
DATA\TECH\2745-DOCUMENT REGISTER-REV-4-.xlsx,2745-DOCUMENT REGISTER-REV-4-.xlsx,TECH,Documents - Pipeline & Cable,0,5,111,False,INCLUDE,PIPELINE_CABLE,DOCUMENT,GENERAL_TECHNICAL_DOCUMENT,N/A,Requires manual classification review
DATA\TECH\2745-DOCUMENT REGISTER-REV-4-.xlsx,2745-DOCUMENT REGISTER-REV-4-.xlsx,TECH,Documents - Naval Marine,1,5,111,False,INCLUDE,NAVAL_MARINE,DRAWING,ENGINEERING_DRAWING,N/A,Requires manual classification review
DATA\TECH\2745-DOCUMENT REGISTER-REV-4-.xlsx,2745-DOCUMENT REGISTER-REV-4-.xlsx,TECH,Drawings,2,5,111,False,UNCLASSIFIED,REVIEW_REQUIRED,UNCLASSIFIED,N/A,N/A,Requires manual classification review
DATA\TECH\2745-DOCUMENT REGISTER-REV-4-.xlsx,2745-DOCUMENT REGISTER-REV-4-.xlsx,TECH,Sketch ,3,5,111,False,UNCLASSIFIED,REVIEW_REQUIRED,UNCLASSIFIED,N/A,N/A,Requires manual classification review
DATA\TECH\2745-DOCUMENT REGISTER-REV-4-.xlsx,2745-DOCUMENT REGISTER-REV-4-.xlsx,TECH,Cut-lists ,4,5,111,False,UNCLASSIFIED,REVIEW_REQUIRED,UNCLASSIFIED,N/A,N/A,Requires manual classification review
DATA\TECH\2745-PP-GE-001-MDR Rev_2.xlsx,2745-PP-GE-001-MDR Rev_2.xlsx,TECH,Data_List_Final_04,0,10,330,False,EXCLUDED,TEMPLATE_SUPPORT_SHEET,EXCLUDED,N/A,N/A,Requires manual classification review
DATA\TECH\2745-PP-GE-001-MDR Rev_2.xlsx,2745-PP-GE-001-MDR Rev_2.xlsx,TECH,PIPELINE & CABLE doc,1,10,330,False,INCLUDE,PIPELINE_CABLE,DOCUMENT,GENERAL_TECHNICAL_DOCUMENT,N/A,Requires manual classification review
DATA\TECH\2745-PP-GE-001-MDR Rev_2.xlsx,2745-PP-GE-001-MDR Rev_2.xlsx,TECH,Naval & Marine doc,2,10,330,False,INCLUDE,NAVAL_MARINE,DRAWING,ENGINEERING_DRAWING,N/A,Requires manual classification review
DATA\TECH\2745-PP-GE-001-MDR Rev_2.xlsx,2745-PP-GE-001-MDR Rev_2.xlsx,TECH,DRAWINGS,3,10,330,False,UNCLASSIFIED,REVIEW_REQUIRED,UNCLASSIFIED,N/A,N/A,Requires manual classification review
DATA\TECH\2745-PP-GE-001-MDR Rev_2.xlsx,2745-PP-GE-001-MDR Rev_2.xlsx,TECH,Anchor Pattern,4,10,330,False,INCLUDE,NAVAL_MARINE,DRAWING,ENGINEERING_DRAWING,N/A,Requires manual classification review
DATA\TECH\2745-PP-GE-001-MDR Rev_2.xlsx,2745-PP-GE-001-MDR Rev_2.xlsx,TECH,DP,5,10,330,False,UNCLASSIFIED,REVIEW_REQUIRED,UNCLASSIFIED,N/A,N/A,Requires manual classification review
DATA\TECH\2745-PP-GE-001-MDR Rev_2.xlsx,2745-PP-GE-001-MDR Rev_2.xlsx,TECH,COMMISSION  - List of OTP ,6,10,330,False,UNCLASSIFIED,REVIEW_REQUIRED,UNCLASSIFIED,N/A,N/A,Requires manual classification review
DATA\TECH\2745-PP-GE-001-MDR Rev_2.xlsx,2745-PP-GE-001-MDR Rev_2.xlsx,TECH,P6_List_Final,7,10,330,False,EXCLUDED,TEMPLATE_SUPPORT_SHEET,EXCLUDED,N/A,N/A,Requires manual classification review
DATA\TECH\2745-PP-GE-001-MDR Rev_2.xlsx,2745-PP-GE-001-MDR Rev_2.xlsx,TECH,P6_Data,8,10,330,False,EXCLUDED,TEMPLATE_SUPPORT_SHEET,EXCLUDED,N/A,N/A,Requires manual classification review
DATA\TECH\2745-PP-GE-001-MDR Rev_2.xlsx,2745-PP-GE-001-MDR Rev_2.xlsx,TECH,Data_List_Final_03,9,10,330,False,EXCLUDED,TEMPLATE_SUPPORT_SHEET,EXCLUDED,N/A,N/A,Requires manual classification review
DATA\TECH\2790 - OFFSHORE SUPPORT DELIVERABLES REGISTER.xlsx,2790 - OFFSHORE SUPPORT DELIVERABLES REGISTER.xlsx,TECH,PIPELINE & CABLE,0,8,277,False,INCLUDE,PIPELINE_CABLE,DOCUMENT,GENERAL_TECHNICAL_DOCUMENT,N/A,Requires manual classification review
DATA\TECH\2790 - OFFSHORE SUPPORT DELIVERABLES REGISTER.xlsx,2790 - OFFSHORE SUPPORT DELIVERABLES REGISTER.xlsx,TECH,Documents - Naval & Marine,1,8,277,False,INCLUDE,NAVAL_MARINE,DRAWING,ENGINEERING_DRAWING,N/A,Requires manual classification review
DATA\TECH\2790 - OFFSHORE SUPPORT DELIVERABLES REGISTER.xlsx,2790 - OFFSHORE SUPPORT DELIVERABLES REGISTER.xlsx,TECH,DRAWINGS,2,8,277,False,UNCLASSIFIED,REVIEW_REQUIRED,UNCLASSIFIED,N/A,N/A,Requires manual classification review
DATA\TECH\2790 - OFFSHORE SUPPORT DELIVERABLES REGISTER.xlsx,2790 - OFFSHORE SUPPORT DELIVERABLES REGISTER.xlsx,TECH,Sketches,3,8,277,False,UNCLASSIFIED,REVIEW_REQUIRED,UNCLASSIFIED,N/A,N/A,Requires manual classification review
DATA\TECH\2790 - OFFSHORE SUPPORT DELIVERABLES REGISTER.xlsx,2790 - OFFSHORE SUPPORT DELIVERABLES REGISTER.xlsx,TECH,cutlists,4,8,277,False,UNCLASSIFIED,REVIEW_REQUIRED,UNCLASSIFIED,N/A,N/A,Requires manual classification review
DATA\TECH\2790 - OFFSHORE SUPPORT DELIVERABLES REGISTER.xlsx,2790 - OFFSHORE SUPPORT DELIVERABLES REGISTER.xlsx,TECH,TN-PL,5,8,277,False,INCLUDE,PIPELINE_CABLE,DOCUMENT,GENERAL_TECHNICAL_DOCUMENT,N/A,Requires manual classification review
DATA\TECH\2790 - OFFSHORE SUPPORT DELIVERABLES REGISTER.xlsx,2790 - OFFSHORE SUPPORT DELIVERABLES REGISTER.xlsx,TECH,TN-ST,6,8,277,False,INCLUDE,STRUCTURAL,DOCUMENT,TECHNICAL_NOTE,N/A,Requires manual classification review
DATA\TECH\2790 - OFFSHORE SUPPORT DELIVERABLES REGISTER.xlsx,2790 - OFFSHORE SUPPORT DELIVERABLES REGISTER.xlsx,TECH,TN-NA,7,8,277,False,INCLUDE,PIPELINE_CABLE,DOCUMENT,GENERAL_TECHNICAL_DOCUMENT,N/A,Requires manual classification review
DATA\TECH\2790 Installation Aids Register Sep 2024.xlsx,2790 Installation Aids Register Sep 2024.xlsx,TECH,Sheet1,0,1,0,False,EXCLUDED,TEMPLATE_SUPPORT_SHEET,EXCLUDED,N/A,N/A,Requires manual classification review
DATA\TECH\2800-DOCUMENT REGISTER.xlsx,2800-DOCUMENT REGISTER.xlsx,TECH,Documents - Pipeline & Cable,0,6,533,False,INCLUDE,PIPELINE_CABLE,DOCUMENT,GENERAL_TECHNICAL_DOCUMENT,N/A,Requires manual classification review
DATA\TECH\2800-DOCUMENT REGISTER.xlsx,2800-DOCUMENT REGISTER.xlsx,TECH,Documents - Naval Marine,1,6,533,False,INCLUDE,NAVAL_MARINE,DRAWING,ENGINEERING_DRAWING,N/A,Requires manual classification review
DATA\TECH\2800-DOCUMENT REGISTER.xlsx,2800-DOCUMENT REGISTER.xlsx,TECH,Drawings,2,6,533,False,UNCLASSIFIED,REVIEW_REQUIRED,UNCLASSIFIED,N/A,N/A,Requires manual classification review
DATA\TECH\2800-DOCUMENT REGISTER.xlsx,2800-DOCUMENT REGISTER.xlsx,TECH,Sketch,3,6,533,False,UNCLASSIFIED,REVIEW_REQUIRED,UNCLASSIFIED,N/A,N/A,Requires manual classification review
DATA\TECH\2800-DOCUMENT REGISTER.xlsx,2800-DOCUMENT REGISTER.xlsx,TECH,Cut-lists ,4,6,533,False,UNCLASSIFIED,REVIEW_REQUIRED,UNCLASSIFIED,N/A,N/A,Requires manual classification review
DATA\TECH\2800-DOCUMENT REGISTER.xlsx,2800-DOCUMENT REGISTER.xlsx,TECH,TN-PL,5,6,533,False,INCLUDE,PIPELINE_CABLE,DOCUMENT,GENERAL_TECHNICAL_DOCUMENT,N/A,Requires manual classification review
DATA\TECH\2820-DOCUMENT REGISTER-NEW 30-04-2026.xlsx,2820-DOCUMENT REGISTER-NEW 30-04-2026.xlsx,TECH,Documents - Pipeline & Cable,0,6,227,False,INCLUDE,PIPELINE_CABLE,DOCUMENT,GENERAL_TECHNICAL_DOCUMENT,N/A,Requires manual classification review
DATA\TECH\2820-DOCUMENT REGISTER-NEW 30-04-2026.xlsx,2820-DOCUMENT REGISTER-NEW 30-04-2026.xlsx,TECH,Documents - Naval Marine,1,6,227,False,INCLUDE,NAVAL_MARINE,DRAWING,ENGINEERING_DRAWING,N/A,Requires manual classification review
DATA\TECH\2820-DOCUMENT REGISTER-NEW 30-04-2026.xlsx,2820-DOCUMENT REGISTER-NEW 30-04-2026.xlsx,TECH,Drawings,2,6,227,False,UNCLASSIFIED,REVIEW_REQUIRED,UNCLASSIFIED,N/A,N/A,Requires manual classification review
DATA\TECH\2820-DOCUMENT REGISTER-NEW 30-04-2026.xlsx,2820-DOCUMENT REGISTER-NEW 30-04-2026.xlsx,TECH,Sketch,3,6,227,False,UNCLASSIFIED,REVIEW_REQUIRED,UNCLASSIFIED,N/A,N/A,Requires manual classification review
DATA\TECH\2820-DOCUMENT REGISTER-NEW 30-04-2026.xlsx,2820-DOCUMENT REGISTER-NEW 30-04-2026.xlsx,TECH,Cutlist,4,6,227,False,UNCLASSIFIED,REVIEW_REQUIRED,UNCLASSIFIED,N/A,N/A,Requires manual classification review
DATA\TECH\2820-DOCUMENT REGISTER-NEW 30-04-2026.xlsx,2820-DOCUMENT REGISTER-NEW 30-04-2026.xlsx,TECH,TN-PL,5,6,227,False,INCLUDE,PIPELINE_CABLE,DOCUMENT,GENERAL_TECHNICAL_DOCUMENT,N/A,Requires manual classification review
DATA\TECH\2820-DOCUMENT REGISTER.xlsx,2820-DOCUMENT REGISTER.xlsx,TECH,Documents - Pipeline & Cable,0,7,128,False,INCLUDE,PIPELINE_CABLE,DOCUMENT,GENERAL_TECHNICAL_DOCUMENT,N/A,Requires manual classification review
DATA\TECH\2820-DOCUMENT REGISTER.xlsx,2820-DOCUMENT REGISTER.xlsx,TECH,Documents - Naval Marine,1,7,128,False,INCLUDE,NAVAL_MARINE,DRAWING,ENGINEERING_DRAWING,N/A,Requires manual classification review
DATA\TECH\2820-DOCUMENT REGISTER.xlsx,2820-DOCUMENT REGISTER.xlsx,TECH,Drawings,2,7,128,False,UNCLASSIFIED,REVIEW_REQUIRED,UNCLASSIFIED,N/A,N/A,Requires manual classification review
DATA\TECH\2820-DOCUMENT REGISTER.xlsx,2820-DOCUMENT REGISTER.xlsx,TECH,Sketch ,3,7,128,False,UNCLASSIFIED,REVIEW_REQUIRED,UNCLASSIFIED,N/A,N/A,Requires manual classification review
DATA\TECH\2820-DOCUMENT REGISTER.xlsx,2820-DOCUMENT REGISTER.xlsx,TECH,Cut-lists ,4,7,128,False,UNCLASSIFIED,REVIEW_REQUIRED,UNCLASSIFIED,N/A,N/A,Requires manual classification review
DATA\TECH\2820-DOCUMENT REGISTER.xlsx,2820-DOCUMENT REGISTER.xlsx,TECH,TN-PL,5,7,128,False,INCLUDE,PIPELINE_CABLE,DOCUMENT,GENERAL_TECHNICAL_DOCUMENT,N/A,Requires manual classification review
DATA\TECH\2820-DOCUMENT REGISTER.xlsx,2820-DOCUMENT REGISTER.xlsx,TECH,to be deleted,6,7,128,False,EXCLUDED,TEMPLATE_SUPPORT_SHEET,EXCLUDED,N/A,N/A,Requires manual classification review
DATA\TECH\2913-DOCUMENT REGISTER.xlsx,2913-DOCUMENT REGISTER.xlsx,TECH,Documents - Pipeline & Cable,0,5,133,False,INCLUDE,PIPELINE_CABLE,DOCUMENT,GENERAL_TECHNICAL_DOCUMENT,N/A,Requires manual classification review
DATA\TECH\2913-DOCUMENT REGISTER.xlsx,2913-DOCUMENT REGISTER.xlsx,TECH,Documents - Naval Marine,1,5,133,False,INCLUDE,NAVAL_MARINE,DRAWING,ENGINEERING_DRAWING,N/A,Requires manual classification review
DATA\TECH\2913-DOCUMENT REGISTER.xlsx,2913-DOCUMENT REGISTER.xlsx,TECH,Drawings,2,5,133,False,UNCLASSIFIED,REVIEW_REQUIRED,UNCLASSIFIED,N/A,N/A,Requires manual classification review
DATA\TECH\2913-DOCUMENT REGISTER.xlsx,2913-DOCUMENT REGISTER.xlsx,TECH,Sketch,3,5,133,False,UNCLASSIFIED,REVIEW_REQUIRED,UNCLASSIFIED,N/A,N/A,Requires manual classification review
DATA\TECH\2913-DOCUMENT REGISTER.xlsx,2913-DOCUMENT REGISTER.xlsx,TECH,Cut-lists ,4,5,133,False,UNCLASSIFIED,REVIEW_REQUIRED,UNCLASSIFIED,N/A,N/A,Requires manual classification review
DATA\TECH\3249 DOCUMENT REGISTER-UPDATED.xlsx,3249 DOCUMENT REGISTER-UPDATED.xlsx,TECH,Documents - Pipeline & Cable,0,3,121,False,INCLUDE,PIPELINE_CABLE,DOCUMENT,GENERAL_TECHNICAL_DOCUMENT,N/A,Requires manual classification review
DATA\TECH\3249 DOCUMENT REGISTER-UPDATED.xlsx,3249 DOCUMENT REGISTER-UPDATED.xlsx,TECH,Documents - Naval Marine,1,3,121,False,INCLUDE,NAVAL_MARINE,DRAWING,ENGINEERING_DRAWING,N/A,Requires manual classification review
DATA\TECH\3249 DOCUMENT REGISTER-UPDATED.xlsx,3249 DOCUMENT REGISTER-UPDATED.xlsx,TECH,Drawings,2,3,121,False,UNCLASSIFIED,REVIEW_REQUIRED,UNCLASSIFIED,N/A,N/A,Requires manual classification review
DATA\TECH\3262 DOCUMENT REGISTER.xlsx,3262 DOCUMENT REGISTER.xlsx,TECH,Documents ,0,6,66,False,UNCLASSIFIED,REVIEW_REQUIRED,UNCLASSIFIED,N/A,N/A,Requires manual classification review
DATA\TECH\3262 DOCUMENT REGISTER.xlsx,3262 DOCUMENT REGISTER.xlsx,TECH,Available Numbers,1,6,66,False,EXCLUDED,TEMPLATE_SUPPORT_SHEET,EXCLUDED,N/A,N/A,Requires manual classification review
DATA\TECH\3262 DOCUMENT REGISTER.xlsx,3262 DOCUMENT REGISTER.xlsx,TECH,Deleted Documents,2,6,66,False,EXCLUDED,TEMPLATE_SUPPORT_SHEET,EXCLUDED,N/A,N/A,Requires manual classification review
DATA\TECH\3262 DOCUMENT REGISTER.xlsx,3262 DOCUMENT REGISTER.xlsx,TECH,Sheet1,3,6,66,False,EXCLUDED,TEMPLATE_SUPPORT_SHEET,EXCLUDED,N/A,N/A,Requires manual classification review
DATA\TECH\3262 DOCUMENT REGISTER.xlsx,3262 DOCUMENT REGISTER.xlsx,TECH,Sheet2,4,6,66,False,EXCLUDED,TEMPLATE_SUPPORT_SHEET,EXCLUDED,N/A,N/A,Requires manual classification review
DATA\TECH\3262 DOCUMENT REGISTER.xlsx,3262 DOCUMENT REGISTER.xlsx,TECH,Sheet3,5,6,66,False,EXCLUDED,TEMPLATE_SUPPORT_SHEET,EXCLUDED,N/A,N/A,Requires manual classification review
DATA\TECH\3278 DOCUMENT REGISTER.xlsx,3278 DOCUMENT REGISTER.xlsx,TECH,Documents ,0,7,113,False,UNCLASSIFIED,REVIEW_REQUIRED,UNCLASSIFIED,N/A,N/A,Requires manual classification review
DATA\TECH\3278 DOCUMENT REGISTER.xlsx,3278 DOCUMENT REGISTER.xlsx,TECH,Drawings,1,7,113,False,UNCLASSIFIED,REVIEW_REQUIRED,UNCLASSIFIED,N/A,N/A,Requires manual classification review
DATA\TECH\3278 DOCUMENT REGISTER.xlsx,3278 DOCUMENT REGISTER.xlsx,TECH,Available Numbers,2,7,113,False,EXCLUDED,TEMPLATE_SUPPORT_SHEET,EXCLUDED,N/A,N/A,Requires manual classification review
DATA\TECH\3278 DOCUMENT REGISTER.xlsx,3278 DOCUMENT REGISTER.xlsx,TECH,Deleted Documents,3,7,113,False,EXCLUDED,TEMPLATE_SUPPORT_SHEET,EXCLUDED,N/A,N/A,Requires manual classification review
DATA\TECH\3278 DOCUMENT REGISTER.xlsx,3278 DOCUMENT REGISTER.xlsx,TECH,Sheet1,4,7,113,False,EXCLUDED,TEMPLATE_SUPPORT_SHEET,EXCLUDED,N/A,N/A,Requires manual classification review
DATA\TECH\3278 DOCUMENT REGISTER.xlsx,3278 DOCUMENT REGISTER.xlsx,TECH,Sheet2,5,7,113,False,EXCLUDED,TEMPLATE_SUPPORT_SHEET,EXCLUDED,N/A,N/A,Requires manual classification review
DATA\TECH\3278 DOCUMENT REGISTER.xlsx,3278 DOCUMENT REGISTER.xlsx,TECH,Sheet3,6,7,113,False,EXCLUDED,TEMPLATE_SUPPORT_SHEET,EXCLUDED,N/A,N/A,Requires manual classification review
DATA\TECH\3291 DOCUMENT REGISTER Latest.xlsx,3291 DOCUMENT REGISTER Latest.xlsx,TECH,Documents - Pipeline & Cable,0,4,681,False,INCLUDE,PIPELINE_CABLE,DOCUMENT,GENERAL_TECHNICAL_DOCUMENT,N/A,Requires manual classification review
DATA\TECH\3291 DOCUMENT REGISTER Latest.xlsx,3291 DOCUMENT REGISTER Latest.xlsx,TECH,Documents - Naval Marine,1,4,681,False,INCLUDE,NAVAL_MARINE,DRAWING,ENGINEERING_DRAWING,N/A,Requires manual classification review
DATA\TECH\3291 DOCUMENT REGISTER Latest.xlsx,3291 DOCUMENT REGISTER Latest.xlsx,TECH,Drawings,2,4,681,False,UNCLASSIFIED,REVIEW_REQUIRED,UNCLASSIFIED,N/A,N/A,Requires manual classification review
DATA\TECH\3291 DOCUMENT REGISTER Latest.xlsx,3291 DOCUMENT REGISTER Latest.xlsx,TECH,CLIENT,3,4,681,False,EXCLUDED,TEMPLATE_SUPPORT_SHEET,EXCLUDED,N/A,N/A,Requires manual classification review
DATA\TECH\3291 DOCUMENT REGISTER revised.XLSX,3291 DOCUMENT REGISTER revised.XLSX,TECH,Documents - Pipeline & Cable,0,3,79,False,INCLUDE,PIPELINE_CABLE,DOCUMENT,GENERAL_TECHNICAL_DOCUMENT,N/A,Requires manual classification review
DATA\TECH\3291 DOCUMENT REGISTER revised.XLSX,3291 DOCUMENT REGISTER revised.XLSX,TECH,Documents - Naval Marine,1,3,79,False,INCLUDE,NAVAL_MARINE,DRAWING,ENGINEERING_DRAWING,N/A,Requires manual classification review
DATA\TECH\3291 DOCUMENT REGISTER revised.XLSX,3291 DOCUMENT REGISTER revised.XLSX,TECH,Drawings,2,3,79,False,UNCLASSIFIED,REVIEW_REQUIRED,UNCLASSIFIED,N/A,N/A,Requires manual classification review
DATA\TECH\3291 DOCUMENT REGISTER.xlsx,3291 DOCUMENT REGISTER.xlsx,TECH,Documents - Pipeline & Cable,0,3,79,False,INCLUDE,PIPELINE_CABLE,DOCUMENT,GENERAL_TECHNICAL_DOCUMENT,N/A,Requires manual classification review
DATA\TECH\3291 DOCUMENT REGISTER.xlsx,3291 DOCUMENT REGISTER.xlsx,TECH,Documents - Naval Marine,1,3,79,False,INCLUDE,NAVAL_MARINE,DRAWING,ENGINEERING_DRAWING,N/A,Requires manual classification review
DATA\TECH\3291 DOCUMENT REGISTER.xlsx,3291 DOCUMENT REGISTER.xlsx,TECH,Drawings,2,3,79,False,UNCLASSIFIED,REVIEW_REQUIRED,UNCLASSIFIED,N/A,N/A,Requires manual classification review
DATA\TECH\4232 DOCUMENT REGISTER-UPDATED.xlsx,4232 DOCUMENT REGISTER-UPDATED.xlsx,TECH,Documents - Pipeline & Cable,0,4,353,False,INCLUDE,PIPELINE_CABLE,DOCUMENT,GENERAL_TECHNICAL_DOCUMENT,N/A,Requires manual classification review
DATA\TECH\4232 DOCUMENT REGISTER-UPDATED.xlsx,4232 DOCUMENT REGISTER-UPDATED.xlsx,TECH,Documents - Naval Marine,1,4,353,False,INCLUDE,NAVAL_MARINE,DRAWING,ENGINEERING_DRAWING,N/A,Requires manual classification review
DATA\TECH\4232 DOCUMENT REGISTER-UPDATED.xlsx,4232 DOCUMENT REGISTER-UPDATED.xlsx,TECH,Drawings,2,4,353,False,UNCLASSIFIED,REVIEW_REQUIRED,UNCLASSIFIED,N/A,N/A,Requires manual classification review
DATA\TECH\4232 DOCUMENT REGISTER-UPDATED.xlsx,4232 DOCUMENT REGISTER-UPDATED.xlsx,TECH,Sheet3,3,4,353,False,EXCLUDED,TEMPLATE_SUPPORT_SHEET,EXCLUDED,N/A,N/A,Requires manual classification review
DATA\TECH\6214 DOCUMENT REGISTER-UPDATED.xlsx,6214 DOCUMENT REGISTER-UPDATED.xlsx,TECH,Pipeline,0,3,320,False,INCLUDE,PIPELINE_CABLE,DOCUMENT,GENERAL_TECHNICAL_DOCUMENT,N/A,Requires manual classification review
DATA\TECH\6214 DOCUMENT REGISTER-UPDATED.xlsx,6214 DOCUMENT REGISTER-UPDATED.xlsx,TECH,Naval Marine,1,3,320,False,INCLUDE,NAVAL_MARINE,DRAWING,ENGINEERING_DRAWING,N/A,Requires manual classification review
DATA\TECH\6214 DOCUMENT REGISTER-UPDATED.xlsx,6214 DOCUMENT REGISTER-UPDATED.xlsx,TECH,Drawings,2,3,320,False,UNCLASSIFIED,REVIEW_REQUIRED,UNCLASSIFIED,N/A,N/A,Requires manual classification review
DATA\TECH\7243 DOCUMENT REGISTER.xlsx,7243 DOCUMENT REGISTER.xlsx,TECH,PIPELINE & CABLE,0,3,133,False,INCLUDE,PIPELINE_CABLE,DOCUMENT,GENERAL_TECHNICAL_DOCUMENT,N/A,Requires manual classification review
DATA\TECH\7243 DOCUMENT REGISTER.xlsx,7243 DOCUMENT REGISTER.xlsx,TECH,Documents - Naval & Marine,1,3,133,False,INCLUDE,NAVAL_MARINE,DRAWING,ENGINEERING_DRAWING,N/A,Requires manual classification review
DATA\TECH\7243 DOCUMENT REGISTER.xlsx,7243 DOCUMENT REGISTER.xlsx,TECH,DRAWINGS,2,3,133,False,UNCLASSIFIED,REVIEW_REQUIRED,UNCLASSIFIED,N/A,N/A,Requires manual classification review
DATA\TECH\7279-OS Document register.xlsx,7279-OS Document register.xlsx,TECH,NAVAL MARINE,0,1,46,False,INCLUDE,NAVAL_MARINE,DRAWING,ENGINEERING_DRAWING,N/A,Requires manual classification review
DATA\TECH\8241 DOCUMENT REGISTER.xlsx,8241 DOCUMENT REGISTER.xlsx,TECH,Documents - Naval & Marine,0,1,26,False,INCLUDE,NAVAL_MARINE,DRAWING,ENGINEERING_DRAWING,N/A,Requires manual classification review
